s3://custom-labels-console-ap-southeast-1-f01a5b01c9/service-icons-dataset/Arch_AWS-CloudFormation_64_canvas_10.png,AWS-CloudFormation
s3://custom-labels-console-ap-southeast-1-f01a5b01c9/service-icons-dataset/Arch_AWS-CodeCommit_64_canvas_10.png,AWS-CodeCommit
s3://custom-labels-console-ap-southeast-1-f01a5b01c9/service-icons-dataset/Arch_AWS-Database-Migration-Service_64_canvas_1.png,AWS-Database-Migration-Service
s3://custom-labels-console-ap-southeast-1-f01a5b01c9/service-icons-dataset/Arch_AWS-Database-Migration-Service_64_canvas_2.png,AWS-Database-Migration-Service
s3://custom-labels-console-ap-southeast-1-f01a5b01c9/service-icons-dataset/Arch_AWS-Database-Migration-Service_64_canvas_3.png,AWS-Database-Migration-Service
s3://custom-labels-console-ap-southeast-1-f01a5b01c9/service-icons-dataset/Arch_AWS-Directory-Service_64_canvas_10.png,AWS-Directory-Service
s3://custom-labels-console-ap-southeast-1-f01a5b01c9/service-icons-dataset/Arch_AWS-Directory-Service_64_canvas_8.png,AWS-Directory-Service
s3://custom-labels-console-ap-southeast-1-f01a5b01c9/service-icons-dataset/Arch_AWS-Directory-Service_64_canvas_9.png,AWS-Directory-Service
s3://custom-labels-console-ap-southeast-1-f01a5b01c9/service-icons-dataset/Arch_AWS-Fargate_64_canvas_1.png,AWS-Fargate
s3://custom-labels-console-ap-southeast-1-f01a5b01c9/service-icons-dataset/Arch_AWS-Fargate_64_canvas_2.png,AWS-Fargate
s3://custom-labels-console-ap-southeast-1-f01a5b01c9/service-icons-dataset/Arch_AWS-Fargate_64_canvas_3.png,AWS-Fargate
s3://custom-labels-console-ap-southeast-1-f01a5b01c9/service-icons-dataset/Arch_AWS-Identity-and-Access-Management_64_canvas_8.png,AWS-Identity-and-Access-Management
s3://custom-labels-console-ap-southeast-1-f01a5b01c9/service-icons-dataset/Arch_AWS-Identity-and-Access-Management_64_canvas_9.png,AWS-Identity-and-Access-Management
s3://custom-labels-console-ap-southeast-1-f01a5b01c9/service-icons-dataset/Arch_AWS-IoT-Core_64_canvas_4.png,AWS-IoT-Core
s3://custom-labels-console-ap-southeast-1-f01a5b01c9/service-icons-dataset/Arch_AWS-IoT-Core_64_canvas_5.png,AWS-IoT-Core
s3://custom-labels-console-ap-southeast-1-f01a5b01c9/service-icons-dataset/Arch_AWS-IoT-Core_64_canvas_6.png,AWS-IoT-Core
s3://custom-labels-console-ap-southeast-1-f01a5b01c9/service-icons-dataset/Arch_AWS-IoT-Core_64_canvas_7.png,AWS-IoT-Core
s3://custom-labels-console-ap-southeast-1-f01a5b01c9/service-icons-dataset/Arch_AWS-Lambda_64_canvas_4.png,AWS-Lambda
s3://custom-labels-console-ap-southeast-1-f01a5b01c9/service-icons-dataset/Arch_AWS-Lambda_64_canvas_5.png,AWS-Lambda
s3://custom-labels-console-ap-southeast-1-f01a5b01c9/service-icons-dataset/Arch_AWS-Lambda_64_canvas_6.png,AWS-Lambda
s3://custom-labels-console-ap-southeast-1-f01a5b01c9/service-icons-dataset/Arch_AWS-Lambda_64_canvas_7.png,AWS-Lambda
s3://custom-labels-console-ap-southeast-1-f01a5b01c9/service-icons-dataset/Arch_AWS-Organizations_64_canvas_4.png,AWS-Organizations
s3://custom-labels-console-ap-southeast-1-f01a5b01c9/service-icons-dataset/Arch_AWS-Organizations_64_canvas_5.png,AWS-Organizations
s3://custom-labels-console-ap-southeast-1-f01a5b01c9/service-icons-dataset/Arch_AWS-Organizations_64_canvas_6.png,AWS-Organizations
s3://custom-labels-console-ap-southeast-1-f01a5b01c9/service-icons-dataset/Arch_AWS-Organizations_64_canvas_7.png,AWS-Organizations
s3://custom-labels-console-ap-southeast-1-f01a5b01c9/service-icons-dataset/Arch_AWS-Shield_64_canvas_8.png,AWS-Shield
s3://custom-labels-console-ap-southeast-1-f01a5b01c9/service-icons-dataset/Arch_AWS-Shield_64_canvas_9.png,AWS-Shield
s3://custom-labels-console-ap-southeast-1-f01a5b01c9/service-icons-dataset/Arch_Amazon-Aurora_64_canvas_1.png,Amazon-Aurora
s3://custom-labels-console-ap-southeast-1-f01a5b01c9/service-icons-dataset/Arch_Amazon-Aurora_64_canvas_2.png,Amazon-Aurora
s3://custom-labels-console-ap-southeast-1-f01a5b01c9/service-icons-dataset/Arch_Amazon-Aurora_64_canvas_3.png,Amazon-Aurora
s3://custom-labels-console-ap-southeast-1-f01a5b01c9/service-icons-dataset/Arch_Amazon-EC2-Auto-Scaling_64_canvas_4.png,Amazon-EC2-Auto-Scaling
s3://custom-labels-console-ap-southeast-1-f01a5b01c9/service-icons-dataset/Arch_Amazon-EC2-Auto-Scaling_64_canvas_5.png,Amazon-EC2-Auto-Scaling
s3://custom-labels-console-ap-southeast-1-f01a5b01c9/service-icons-dataset/Arch_Amazon-EC2-Auto-Scaling_64_canvas_6.png,Amazon-EC2-Auto-Scaling
s3://custom-labels-console-ap-southeast-1-f01a5b01c9/service-icons-dataset/Arch_Amazon-EC2-Auto-Scaling_64_canvas_7.png,Amazon-EC2-Auto-Scaling
s3://custom-labels-console-ap-southeast-1-f01a5b01c9/service-icons-dataset/Arch_Amazon-EFS_64_canvas_10.png,Amazon-EFS
s3://custom-labels-console-ap-southeast-1-f01a5b01c9/service-icons-dataset/Arch_Amazon-EMR_64_canvas_8.png,Amazon-EMR
s3://custom-labels-console-ap-southeast-1-f01a5b01c9/service-icons-dataset/Arch_Amazon-EMR_64_canvas_9.png,Amazon-EMR
s3://custom-labels-console-ap-southeast-1-f01a5b01c9/service-icons-dataset/Arch_Amazon-Elastic-Block-Store_64_canvas_10.png,Amazon-Elastic-Block-Store
s3://custom-labels-console-ap-southeast-1-f01a5b01c9/service-icons-dataset/Arch_Amazon-FSx_64_canvas_1.png,Amazon-FSx
s3://custom-labels-console-ap-southeast-1-f01a5b01c9/service-icons-dataset/Arch_Amazon-FSx_64_canvas_2.png,Amazon-FSx
s3://custom-labels-console-ap-southeast-1-f01a5b01c9/service-icons-dataset/Arch_Amazon-FSx_64_canvas_3.png,Amazon-FSx
s3://custom-labels-console-ap-southeast-1-f01a5b01c9/service-icons-dataset/Arch_Amazon-Kinesis_64_canvas_1.png,Amazon-Kinesis
s3://custom-labels-console-ap-southeast-1-f01a5b01c9/service-icons-dataset/Arch_Amazon-Kinesis_64_canvas_10.png,Amazon-Kinesis
s3://custom-labels-console-ap-southeast-1-f01a5b01c9/service-icons-dataset/Arch_Amazon-Kinesis_64_canvas_2.png,Amazon-Kinesis
s3://custom-labels-console-ap-southeast-1-f01a5b01c9/service-icons-dataset/Arch_Amazon-Kinesis_64_canvas_3.png,Amazon-Kinesis
s3://custom-labels-console-ap-southeast-1-f01a5b01c9/service-icons-dataset/Arch_Amazon-QuickSight_64_canvas_4.png,Amazon-QuickSight
s3://custom-labels-console-ap-southeast-1-f01a5b01c9/service-icons-dataset/Arch_Amazon-QuickSight_64_canvas_5.png,Amazon-QuickSight
s3://custom-labels-console-ap-southeast-1-f01a5b01c9/service-icons-dataset/Arch_Amazon-QuickSight_64_canvas_6.png,Amazon-QuickSight
s3://custom-labels-console-ap-southeast-1-f01a5b01c9/service-icons-dataset/Arch_Amazon-QuickSight_64_canvas_7.png,Amazon-QuickSight
s3://custom-labels-console-ap-southeast-1-f01a5b01c9/service-icons-dataset/Arch_Amazon-RDS_64_canvas_8.png,Amazon-RDS
s3://custom-labels-console-ap-southeast-1-f01a5b01c9/service-icons-dataset/Arch_Amazon-RDS_64_canvas_9.png,Amazon-RDS
s3://custom-labels-console-ap-southeast-1-f01a5b01c9/service-icons-dataset/Arch_Amazon-Rekognition_64_canvas_4.png,Amazon-Rekognition
s3://custom-labels-console-ap-southeast-1-f01a5b01c9/service-icons-dataset/Arch_Amazon-Rekognition_64_canvas_5.png,Amazon-Rekognition
s3://custom-labels-console-ap-southeast-1-f01a5b01c9/service-icons-dataset/Arch_Amazon-Rekognition_64_canvas_6.png,Amazon-Rekognition
s3://custom-labels-console-ap-southeast-1-f01a5b01c9/service-icons-dataset/Arch_Amazon-Rekognition_64_canvas_7.png,Amazon-Rekognition
s3://custom-labels-console-ap-southeast-1-f01a5b01c9/service-icons-dataset/Arch_Amazon-SageMaker_64_canvas_1.png,Amazon-SageMaker
s3://custom-labels-console-ap-southeast-1-f01a5b01c9/service-icons-dataset/Arch_Amazon-SageMaker_64_canvas_2.png,Amazon-SageMaker
s3://custom-labels-console-ap-southeast-1-f01a5b01c9/service-icons-dataset/Arch_Amazon-SageMaker_64_canvas_3.png,Amazon-SageMaker
s3://custom-labels-console-ap-southeast-1-f01a5b01c9/service-icons-dataset/Arch_Amazon-Simple-Notification-Service_64_canvas_1.png,Amazon-Simple-Notification-Service
s3://custom-labels-console-ap-southeast-1-f01a5b01c9/service-icons-dataset/Arch_Amazon-Simple-Notification-Service_64_canvas_2.png,Amazon-Simple-Notification-Service
s3://custom-labels-console-ap-southeast-1-f01a5b01c9/service-icons-dataset/Arch_Amazon-Simple-Notification-Service_64_canvas_3.png,Amazon-Simple-Notification-Service
s3://custom-labels-console-ap-southeast-1-f01a5b01c9/service-icons-dataset/Arch_Amazon-Simple-Storage-Service_64_canvas_4.png,Amazon-Simple-Storage-Service
s3://custom-labels-console-ap-southeast-1-f01a5b01c9/service-icons-dataset/Arch_Amazon-Simple-Storage-Service_64_canvas_5.png,Amazon-Simple-Storage-Service
s3://custom-labels-console-ap-southeast-1-f01a5b01c9/service-icons-dataset/Arch_Amazon-Simple-Storage-Service_64_canvas_6.png,Amazon-Simple-Storage-Service
s3://custom-labels-console-ap-southeast-1-f01a5b01c9/service-icons-dataset/Arch_Amazon-Simple-Storage-Service_64_canvas_7.png,Amazon-Simple-Storage-Service
s3://custom-labels-console-ap-southeast-1-f01a5b01c9/service-icons/Arch_AWS-Fargate_64_canvas_1.png,AWS-Fargate
s3://custom-labels-console-ap-southeast-1-f01a5b01c9/service-icons/Arch_AWS-Fargate_64_canvas_10.png,AWS-Fargate
s3://custom-labels-console-ap-southeast-1-f01a5b01c9/service-icons/Arch_AWS-Fargate_64_canvas_2.png,AWS-Fargate
s3://custom-labels-console-ap-southeast-1-f01a5b01c9/service-icons/Arch_AWS-Fargate_64_canvas_3.png,AWS-Fargate
s3://custom-labels-console-ap-southeast-1-f01a5b01c9/service-icons/Arch_AWS-Fargate_64_canvas_4.png,AWS-Fargate
s3://custom-labels-console-ap-southeast-1-f01a5b01c9/service-icons/Arch_AWS-Fargate_64_canvas_5.png,AWS-Fargate
s3://custom-labels-console-ap-southeast-1-f01a5b01c9/service-icons/Arch_AWS-Fargate_64_canvas_6.png,AWS-Fargate
s3://custom-labels-console-ap-southeast-1-f01a5b01c9/service-icons/Arch_AWS-Fargate_64_canvas_7.png,AWS-Fargate
s3://custom-labels-console-ap-southeast-1-f01a5b01c9/service-icons/Arch_AWS-Fargate_64_canvas_8.png,AWS-Fargate
s3://custom-labels-console-ap-southeast-1-f01a5b01c9/service-icons/Arch_AWS-Fargate_64_canvas_9.png,AWS-Fargate
s3://custom-labels-console-ap-southeast-1-f01a5b01c9/service-icons/Arch_AWS-Glue_64_canvas_1.png,AWS-Glue
s3://custom-labels-console-ap-southeast-1-f01a5b01c9/service-icons/Arch_AWS-Glue_64_canvas_10.png,AWS-Glue
s3://custom-labels-console-ap-southeast-1-f01a5b01c9/service-icons/Arch_AWS-Glue_64_canvas_2.png,AWS-Glue
s3://custom-labels-console-ap-southeast-1-f01a5b01c9/service-icons/Arch_AWS-Glue_64_canvas_3.png,AWS-Glue
s3://custom-labels-console-ap-southeast-1-f01a5b01c9/service-icons/Arch_AWS-Glue_64_canvas_4.png,AWS-Glue
s3://custom-labels-console-ap-southeast-1-f01a5b01c9/service-icons/Arch_AWS-Glue_64_canvas_5.png,AWS-Glue
s3://custom-labels-console-ap-southeast-1-f01a5b01c9/service-icons/Arch_AWS-Glue_64_canvas_6.png,AWS-Glue
s3://custom-labels-console-ap-southeast-1-f01a5b01c9/service-icons/Arch_AWS-Glue_64_canvas_7.png,AWS-Glue
s3://custom-labels-console-ap-southeast-1-f01a5b01c9/service-icons/Arch_AWS-Glue_64_canvas_8.png,AWS-Glue
s3://custom-labels-console-ap-southeast-1-f01a5b01c9/service-icons/Arch_AWS-Glue_64_canvas_9.png,AWS-Glue
s3://custom-labels-console-ap-southeast-1-f01a5b01c9/service-icons/Arch_AWS-Identity-and-Access-Management_64_canvas_1.png,AWS-Identity-and-Access-Management
s3://custom-labels-console-ap-southeast-1-f01a5b01c9/service-icons/Arch_AWS-Identity-and-Access-Management_64_canvas_10.png,AWS-Identity-and-Access-Management
s3://custom-labels-console-ap-southeast-1-f01a5b01c9/service-icons/Arch_AWS-Identity-and-Access-Management_64_canvas_2.png,AWS-Identity-and-Access-Management
s3://custom-labels-console-ap-southeast-1-f01a5b01c9/service-icons/Arch_AWS-Identity-and-Access-Management_64_canvas_3.png,AWS-Identity-and-Access-Management
s3://custom-labels-console-ap-southeast-1-f01a5b01c9/service-icons/Arch_AWS-Identity-and-Access-Management_64_canvas_4.png,AWS-Identity-and-Access-Management
s3://custom-labels-console-ap-southeast-1-f01a5b01c9/service-icons/Arch_AWS-Identity-and-Access-Management_64_canvas_5.png,AWS-Identity-and-Access-Management
s3://custom-labels-console-ap-southeast-1-f01a5b01c9/service-icons/Arch_AWS-Identity-and-Access-Management_64_canvas_6.png,AWS-Identity-and-Access-Management
s3://custom-labels-console-ap-southeast-1-f01a5b01c9/service-icons/Arch_AWS-Identity-and-Access-Management_64_canvas_7.png,AWS-Identity-and-Access-Management
s3://custom-labels-console-ap-southeast-1-f01a5b01c9/service-icons/Arch_AWS-Identity-and-Access-Management_64_canvas_8.png,AWS-Identity-and-Access-Management
s3://custom-labels-console-ap-southeast-1-f01a5b01c9/service-icons/Arch_AWS-Identity-and-Access-Management_64_canvas_9.png,AWS-Identity-and-Access-Management
s3://custom-labels-console-ap-southeast-1-f01a5b01c9/service-icons/Arch_AWS-Lambda_64_canvas_1.png,AWS-Lambda
s3://custom-labels-console-ap-southeast-1-f01a5b01c9/service-icons/Arch_AWS-Lambda_64_canvas_10.png,AWS-Lambda
s3://custom-labels-console-ap-southeast-1-f01a5b01c9/service-icons/Arch_AWS-Lambda_64_canvas_2.png,AWS-Lambda
s3://custom-labels-console-ap-southeast-1-f01a5b01c9/service-icons/Arch_AWS-Lambda_64_canvas_3.png,AWS-Lambda
s3://custom-labels-console-ap-southeast-1-f01a5b01c9/service-icons/Arch_AWS-Lambda_64_canvas_4.png,AWS-Lambda
s3://custom-labels-console-ap-southeast-1-f01a5b01c9/service-icons/Arch_AWS-Lambda_64_canvas_5.png,AWS-Lambda
s3://custom-labels-console-ap-southeast-1-f01a5b01c9/service-icons/Arch_AWS-Lambda_64_canvas_6.png,AWS-Lambda
s3://custom-labels-console-ap-southeast-1-f01a5b01c9/service-icons/Arch_AWS-Lambda_64_canvas_7.png,AWS-Lambda
s3://custom-labels-console-ap-southeast-1-f01a5b01c9/service-icons/Arch_AWS-Lambda_64_canvas_8.png,AWS-Lambda
s3://custom-labels-console-ap-southeast-1-f01a5b01c9/service-icons/Arch_AWS-Lambda_64_canvas_9.png,AWS-Lambda
s3://custom-labels-console-ap-southeast-1-f01a5b01c9/service-icons/Arch_Amazon-API-Gateway_64_canvas_1.png,Amazon-API-Gateway
s3://custom-labels-console-ap-southeast-1-f01a5b01c9/service-icons/Arch_Amazon-API-Gateway_64_canvas_10.png,Amazon-API-Gateway
s3://custom-labels-console-ap-southeast-1-f01a5b01c9/service-icons/Arch_Amazon-API-Gateway_64_canvas_2.png,Amazon-API-Gateway
s3://custom-labels-console-ap-southeast-1-f01a5b01c9/service-icons/Arch_Amazon-API-Gateway_64_canvas_3.png,Amazon-API-Gateway
s3://custom-labels-console-ap-southeast-1-f01a5b01c9/service-icons/Arch_Amazon-API-Gateway_64_canvas_4.png,Amazon-API-Gateway
s3://custom-labels-console-ap-southeast-1-f01a5b01c9/service-icons/Arch_Amazon-API-Gateway_64_canvas_5.png,Amazon-API-Gateway
s3://custom-labels-console-ap-southeast-1-f01a5b01c9/service-icons/Arch_Amazon-API-Gateway_64_canvas_6.png,Amazon-API-Gateway
s3://custom-labels-console-ap-southeast-1-f01a5b01c9/service-icons/Arch_Amazon-API-Gateway_64_canvas_7.png,Amazon-API-Gateway
s3://custom-labels-console-ap-southeast-1-f01a5b01c9/service-icons/Arch_Amazon-API-Gateway_64_canvas_8.png,Amazon-API-Gateway
s3://custom-labels-console-ap-southeast-1-f01a5b01c9/service-icons/Arch_Amazon-API-Gateway_64_canvas_9.png,Amazon-API-Gateway
s3://custom-labels-console-ap-southeast-1-f01a5b01c9/service-icons/Arch_Amazon-Athena_64_canvas_1.png,Amazon-Athena
s3://custom-labels-console-ap-southeast-1-f01a5b01c9/service-icons/Arch_Amazon-Athena_64_canvas_10.png,Amazon-Athena
s3://custom-labels-console-ap-southeast-1-f01a5b01c9/service-icons/Arch_Amazon-Athena_64_canvas_2.png,Amazon-Athena
s3://custom-labels-console-ap-southeast-1-f01a5b01c9/service-icons/Arch_Amazon-Athena_64_canvas_3.png,Amazon-Athena
s3://custom-labels-console-ap-southeast-1-f01a5b01c9/service-icons/Arch_Amazon-Athena_64_canvas_4.png,Amazon-Athena
s3://custom-labels-console-ap-southeast-1-f01a5b01c9/service-icons/Arch_Amazon-Athena_64_canvas_5.png,Amazon-Athena
s3://custom-labels-console-ap-southeast-1-f01a5b01c9/service-icons/Arch_Amazon-Athena_64_canvas_6.png,Amazon-Athena
s3://custom-labels-console-ap-southeast-1-f01a5b01c9/service-icons/Arch_Amazon-Athena_64_canvas_7.png,Amazon-Athena
s3://custom-labels-console-ap-southeast-1-f01a5b01c9/service-icons/Arch_Amazon-Athena_64_canvas_8.png,Amazon-Athena
s3://custom-labels-console-ap-southeast-1-f01a5b01c9/service-icons/Arch_Amazon-Athena_64_canvas_9.png,Amazon-Athena
s3://custom-labels-console-ap-southeast-1-f01a5b01c9/service-icons/Arch_Amazon-CloudWatch_64_canvas_1.png,Amazon-CloudWatch
s3://custom-labels-console-ap-southeast-1-f01a5b01c9/service-icons/Arch_Amazon-CloudWatch_64_canvas_10.png,Amazon-CloudWatch
s3://custom-labels-console-ap-southeast-1-f01a5b01c9/service-icons/Arch_Amazon-CloudWatch_64_canvas_2.png,Amazon-CloudWatch
s3://custom-labels-console-ap-southeast-1-f01a5b01c9/service-icons/Arch_Amazon-CloudWatch_64_canvas_3.png,Amazon-CloudWatch
s3://custom-labels-console-ap-southeast-1-f01a5b01c9/service-icons/Arch_Amazon-CloudWatch_64_canvas_4.png,Amazon-CloudWatch
s3://custom-labels-console-ap-southeast-1-f01a5b01c9/service-icons/Arch_Amazon-CloudWatch_64_canvas_5.png,Amazon-CloudWatch
s3://custom-labels-console-ap-southeast-1-f01a5b01c9/service-icons/Arch_Amazon-CloudWatch_64_canvas_6.png,Amazon-CloudWatch
s3://custom-labels-console-ap-southeast-1-f01a5b01c9/service-icons/Arch_Amazon-CloudWatch_64_canvas_7.png,Amazon-CloudWatch
s3://custom-labels-console-ap-southeast-1-f01a5b01c9/service-icons/Arch_Amazon-CloudWatch_64_canvas_8.png,Amazon-CloudWatch
s3://custom-labels-console-ap-southeast-1-f01a5b01c9/service-icons/Arch_Amazon-CloudWatch_64_canvas_9.png,Amazon-CloudWatch
s3://custom-labels-console-ap-southeast-1-f01a5b01c9/service-icons/Arch_Amazon-EC2_64_canvas_1.png,Amazon-EC2
s3://custom-labels-console-ap-southeast-1-f01a5b01c9/service-icons/Arch_Amazon-EC2_64_canvas_10.png,Amazon-EC2
s3://custom-labels-console-ap-southeast-1-f01a5b01c9/service-icons/Arch_Amazon-EC2_64_canvas_2.png,Amazon-EC2
s3://custom-labels-console-ap-southeast-1-f01a5b01c9/service-icons/Arch_Amazon-EC2_64_canvas_3.png,Amazon-EC2
s3://custom-labels-console-ap-southeast-1-f01a5b01c9/service-icons/Arch_Amazon-EC2_64_canvas_4.png,Amazon-EC2
s3://custom-labels-console-ap-southeast-1-f01a5b01c9/service-icons/Arch_Amazon-EC2_64_canvas_5.png,Amazon-EC2
s3://custom-labels-console-ap-southeast-1-f01a5b01c9/service-icons/Arch_Amazon-EC2_64_canvas_6.png,Amazon-EC2
s3://custom-labels-console-ap-southeast-1-f01a5b01c9/service-icons/Arch_Amazon-EC2_64_canvas_7.png,Amazon-EC2
s3://custom-labels-console-ap-southeast-1-f01a5b01c9/service-icons/Arch_Amazon-EC2_64_canvas_8.png,Amazon-EC2
s3://custom-labels-console-ap-southeast-1-f01a5b01c9/service-icons/Arch_Amazon-EC2_64_canvas_9.png,Amazon-EC2
s3://custom-labels-console-ap-southeast-1-f01a5b01c9/service-icons/Arch_Amazon-Route-53_64_canvas_1.png,Amazon-Route-53
s3://custom-labels-console-ap-southeast-1-f01a5b01c9/service-icons/Arch_Amazon-Route-53_64_canvas_10.png,Amazon-Route-53
s3://custom-labels-console-ap-southeast-1-f01a5b01c9/service-icons/Arch_Amazon-Route-53_64_canvas_2.png,Amazon-Route-53
s3://custom-labels-console-ap-southeast-1-f01a5b01c9/service-icons/Arch_Amazon-Route-53_64_canvas_3.png,Amazon-Route-53
s3://custom-labels-console-ap-southeast-1-f01a5b01c9/service-icons/Arch_Amazon-Route-53_64_canvas_4.png,Amazon-Route-53
s3://custom-labels-console-ap-southeast-1-f01a5b01c9/service-icons/Arch_Amazon-Route-53_64_canvas_5.png,Amazon-Route-53
s3://custom-labels-console-ap-southeast-1-f01a5b01c9/service-icons/Arch_Amazon-Route-53_64_canvas_6.png,Amazon-Route-53
s3://custom-labels-console-ap-southeast-1-f01a5b01c9/service-icons/Arch_Amazon-Route-53_64_canvas_7.png,Amazon-Route-53
s3://custom-labels-console-ap-southeast-1-f01a5b01c9/service-icons/Arch_Amazon-Route-53_64_canvas_8.png,Amazon-Route-53
s3://custom-labels-console-ap-southeast-1-f01a5b01c9/service-icons/Arch_Amazon-Route-53_64_canvas_9.png,Amazon-Route-53
s3://custom-labels-console-ap-southeast-1-f01a5b01c9/service-icons/Arch_Amazon-Simple-Storage-Service_64_canvas_1.png,Amazon-Simple-Storage-Service
s3://custom-labels-console-ap-southeast-1-f01a5b01c9/service-icons/Arch_Amazon-Simple-Storage-Service_64_canvas_10.png,Amazon-Simple-Storage-Service
s3://custom-labels-console-ap-southeast-1-f01a5b01c9/service-icons/Arch_Amazon-Simple-Storage-Service_64_canvas_2.png,Amazon-Simple-Storage-Service
s3://custom-labels-console-ap-southeast-1-f01a5b01c9/service-icons/Arch_Amazon-Simple-Storage-Service_64_canvas_3.png,Amazon-Simple-Storage-Service
s3://custom-labels-console-ap-southeast-1-f01a5b01c9/service-icons/Arch_Amazon-Simple-Storage-Service_64_canvas_4.png,Amazon-Simple-Storage-Service
s3://custom-labels-console-ap-southeast-1-f01a5b01c9/service-icons/Arch_Amazon-Simple-Storage-Service_64_canvas_5.png,Amazon-Simple-Storage-Service
s3://custom-labels-console-ap-southeast-1-f01a5b01c9/service-icons/Arch_Amazon-Simple-Storage-Service_64_canvas_6.png,Amazon-Simple-Storage-Service
s3://custom-labels-console-ap-southeast-1-f01a5b01c9/service-icons/Arch_Amazon-Simple-Storage-Service_64_canvas_7.png,Amazon-Simple-Storage-Service
s3://custom-labels-console-ap-southeast-1-f01a5b01c9/service-icons/Arch_Amazon-Simple-Storage-Service_64_canvas_8.png,Amazon-Simple-Storage-Service
s3://custom-labels-console-ap-southeast-1-f01a5b01c9/service-icons/Arch_Amazon-Simple-Storage-Service_64_canvas_9.png,Amazon-Simple-Storage-Service
