{
	"Version": "2012-10-17",
	"Statement": [
		{
			"Sid": "",
			"Effect": "Allow",
			"Principal": {
				"Federated": "cognito-identity.amazonaws.com"
			},
			"Action": "sts:AssumeRoleWithWebIdentity",
			"Condition": {
				"StringEquals": {
					"cognito-identity.amazonaws.com:aud": "ap-southeast-1:265b59ff-2544-4a33-86a1-22fea3ba6335"
				},
				"ForAnyValue:StringLike": {
					"cognito-identity.amazonaws.com:amr": "authenticated"
				}
			}
		},
		{
			"Effect": "Allow",
			"Principal": {
				"Service": "amplify.amazonaws.com"
			},
			"Action": "sts:AssumeRole"
		},
		{
			"Effect": "Allow",
			"Principal": {
				"AWS": [
					"arn:aws:sts::149138027712:assumed-role/allie-webapplication-IDPoolAuthRole-19Z5YIDGON9T3/CognitoIdentityCredentials",
					"arn:aws:iam::149138027712:role/allie-webapplication-IDPoolAuthRole-19Z5YIDGON9T3",
					"arn:aws:sts::149138027712:assumed-role/allie-webapplication-IDPoolUnauthRole-G5R9EUAJOON/CognitoIdentityCredentials"
				]
			},
			"Action": "sts:AssumeRole"
		}
	]
}